timestamp, memory.used [MiB], utilization.gpu [%], temperature.gpu, power.draw [W]
2026/09/14 17:03:34.632, 6908 MiB, 0 %, 38, 4.01 W
2026/09/14 17:03:35.636, 6908 MiB, 0 %, 38, 3.82 W
2026/09/14 17:03:36.639, 6908 MiB, 1 %, 38, 3.91 W
2026/09/14 17:03:37.642, 6908 MiB, 22 %, 40, 24.49 W
2026/09/14 17:03:38.645, 6908 MiB, 24 %, 41, 45.01 W
2026/09/14 17:03:39.647, 6908 MiB, 25 %, 41, 39.33 W
2026/09/14 17:03:40.648, 6908 MiB, 16 %, 41, 39.72 W
2026/09/14 17:03:41.651, 6908 MiB, 43 %, 41, 37.76 W
2026/09/14 17:03:42.653, 6910 MiB, 17 %, 41, 39.02 W
2026/09/14 17:03:43.656, 6910 MiB, 44 %, 41, 38.08 W
2026/09/14 17:03:44.659, 6910 MiB, 27 %, 42, 41.73 W
2026/09/14 17:03:45.662, 6910 MiB, 16 %, 41, 40.41 W
2026/09/14 17:03:46.665, 6910 MiB, 29 %, 41, 31.16 W
2026/09/14 17:03:47.668, 6910 MiB, 35 %, 41, 31.23 W
2026/09/14 17:03:48.670, 6910 MiB, 39 %, 41, 33.12 W
2026/09/14 17:03:49.672, 6910 MiB, 19 %, 42, 39.35 W
2026/09/14 17:03:50.673, 6910 MiB, 17 %, 42, 39.17 W
2026/09/14 17:03:51.676, 6910 MiB, 36 %, 41, 34.09 W
2026/09/14 17:03:52.679, 6910 MiB, 29 %, 41, 27.85 W
2026/09/14 17:03:53.682, 6910 MiB, 44 %, 41, 32.73 W
2026/09/14 17:03:54.685, 6910 MiB, 17 %, 42, 43.41 W
2026/09/14 17:03:55.686, 6910 MiB, 34 %, 42, 40.12 W
2026/09/14 17:03:56.688, 6910 MiB, 46 %, 41, 29.62 W
2026/09/14 17:03:57.690, 6910 MiB, 28 %, 41, 29.88 W
2026/09/14 17:03:58.692, 6910 MiB, 28 %, 41, 28.09 W
2026/09/14 17:03:59.694, 6910 MiB, 29 %, 41, 28.87 W
2026/09/14 17:04:00.695, 6910 MiB, 32 %, 41, 29.76 W
2026/09/14 17:04:01.697, 6910 MiB, 29 %, 41, 28.99 W
2026/09/14 17:04:02.699, 6910 MiB, 39 %, 42, 35.03 W
2026/09/14 17:04:03.701, 6910 MiB, 16 %, 43, 49.57 W
2026/09/14 17:04:04.703, 6910 MiB, 16 %, 43, 52.34 W
2026/09/14 17:04:05.705, 6910 MiB, 30 %, 41, 29.42 W
2026/09/14 17:04:06.707, 6910 MiB, 37 %, 41, 30.73 W
2026/09/14 17:04:07.709, 6910 MiB, 27 %, 42, 41.37 W
2026/09/14 17:04:08.711, 6910 MiB, 26 %, 43, 53.57 W
2026/09/14 17:04:09.713, 6910 MiB, 44 %, 43, 46.72 W
2026/09/14 17:04:10.714, 6910 MiB, 16 %, 42, 39.51 W
2026/09/14 17:04:11.716, 6910 MiB, 38 %, 42, 34.37 W
2026/09/14 17:04:12.718, 6910 MiB, 35 %, 42, 31.50 W
2026/09/14 17:04:13.720, 6910 MiB, 29 %, 42, 28.35 W
2026/09/14 17:04:14.722, 6910 MiB, 26 %, 43, 39.40 W
2026/09/14 17:04:15.723, 6910 MiB, 28 %, 43, 45.47 W
2026/09/14 17:04:16.725, 6910 MiB, 28 %, 42, 32.40 W
2026/09/14 17:04:17.727, 6910 MiB, 28 %, 42, 26.85 W
2026/09/14 17:04:18.728, 6910 MiB, 29 %, 41, 26.74 W
2026/09/14 17:04:19.729, 6910 MiB, 47 %, 42, 29.89 W
2026/09/14 17:04:20.731, 6910 MiB, 23 %, 42, 37.55 W
2026/09/14 17:04:21.733, 6910 MiB, 16 %, 42, 36.10 W
2026/09/14 17:04:22.735, 6910 MiB, 29 %, 42, 32.12 W
2026/09/14 17:04:23.736, 6910 MiB, 44 %, 42, 31.86 W
2026/09/14 17:04:24.737, 6910 MiB, 28 %, 42, 27.84 W
2026/09/14 17:04:25.738, 6910 MiB, 29 %, 42, 27.62 W
2026/09/14 17:04:26.739, 6910 MiB, 41 %, 42, 29.19 W
2026/09/14 17:04:27.742, 6910 MiB, 38 %, 42, 28.22 W
2026/09/14 17:04:28.744, 6910 MiB, 27 %, 43, 39.53 W
2026/09/14 17:04:29.746, 6910 MiB, 25 %, 43, 49.84 W
2026/09/14 17:04:30.748, 6910 MiB, 44 %, 43, 43.40 W
2026/09/14 17:04:31.750, 6910 MiB, 16 %, 43, 38.07 W
2026/09/14 17:04:32.751, 6910 MiB, 15 %, 43, 35.15 W
2026/09/14 17:04:33.753, 6910 MiB, 28 %, 42, 26.01 W
2026/09/14 17:04:34.754, 6910 MiB, 45 %, 42, 30.54 W
2026/09/14 17:04:35.757, 6910 MiB, 42 %, 42, 35.41 W
2026/09/14 17:04:36.759, 6910 MiB, 29 %, 43, 43.47 W
2026/09/14 17:04:37.761, 6910 MiB, 46 %, 43, 41.84 W
2026/09/14 17:04:38.763, 6910 MiB, 17 %, 43, 42.50 W
2026/09/14 17:04:39.765, 6910 MiB, 20 %, 43, 43.42 W
2026/09/14 17:04:40.767, 6910 MiB, 29 %, 42, 30.59 W
2026/09/14 17:04:41.769, 6910 MiB, 30 %, 42, 28.97 W
2026/09/14 17:04:42.771, 6910 MiB, 38 %, 42, 29.06 W
2026/09/14 17:04:43.774, 6910 MiB, 48 %, 43, 37.28 W
2026/09/14 17:04:44.777, 6910 MiB, 16 %, 44, 57.47 W
2026/09/14 17:04:46.252, 6910 MiB, 46 %, 43, 34.64 W
2026/09/14 17:04:47.254, 6910 MiB, 20 %, 43, 40.14 W
2026/09/14 17:04:48.256, 6910 MiB, 17 %, 43, 37.49 W
2026/09/14 17:04:49.258, 6910 MiB, 36 %, 42, 30.65 W
2026/09/14 17:04:50.259, 6910 MiB, 41 %, 43, 32.56 W
2026/09/14 17:04:51.262, 6910 MiB, 27 %, 42, 28.66 W
2026/09/14 17:04:52.265, 6910 MiB, 29 %, 44, 45.08 W
2026/09/14 17:04:53.267, 6910 MiB, 30 %, 46, 65.35 W
2026/09/14 17:04:54.269, 6910 MiB, 29 %, 45, 59.42 W
2026/09/14 17:04:55.270, 6910 MiB, 18 %, 45, 59.10 W
2026/09/14 17:04:56.272, 6910 MiB, 34 %, 43, 40.63 W
2026/09/14 17:04:57.274, 6910 MiB, 33 %, 43, 29.74 W
2026/09/14 17:04:58.275, 6910 MiB, 18 %, 44, 41.14 W
2026/09/14 17:04:59.277, 6910 MiB, 28 %, 44, 48.85 W
2026/09/14 17:05:00.280, 6910 MiB, 44 %, 43, 39.08 W
2026/09/14 17:05:01.282, 6910 MiB, 33 %, 43, 30.54 W
2026/09/14 17:05:02.283, 6910 MiB, 29 %, 44, 45.04 W
2026/09/14 17:05:03.284, 6910 MiB, 30 %, 45, 59.23 W
2026/09/14 17:05:04.286, 6910 MiB, 30 %, 45, 52.35 W
2026/09/14 17:05:05.288, 6910 MiB, 30 %, 45, 52.49 W
2026/09/14 17:05:06.290, 6910 MiB, 30 %, 45, 50.31 W
2026/09/14 17:05:07.291, 6910 MiB, 30 %, 45, 52.74 W
2026/09/14 17:05:08.293, 6910 MiB, 34 %, 44, 39.29 W
2026/09/14 17:05:09.294, 6910 MiB, 34 %, 43, 30.11 W
2026/09/14 17:05:10.295, 6910 MiB, 34 %, 43, 29.89 W
2026/09/14 17:05:11.297, 6910 MiB, 31 %, 44, 40.24 W
2026/09/14 17:05:12.298, 6910 MiB, 30 %, 45, 57.83 W
2026/09/14 17:05:13.300, 6910 MiB, 31 %, 45, 54.08 W
2026/09/14 17:05:14.301, 6910 MiB, 19 %, 45, 49.07 W
2026/09/14 17:05:15.302, 6910 MiB, 34 %, 44, 39.20 W
2026/09/14 17:05:16.303, 6910 MiB, 34 %, 43, 29.38 W
2026/09/14 17:05:17.304, 6910 MiB, 47 %, 43, 30.88 W
2026/09/14 17:05:18.306, 6910 MiB, 19 %, 45, 47.86 W
2026/09/14 17:05:19.307, 6910 MiB, 28 %, 45, 50.92 W
2026/09/14 17:05:20.309, 6910 MiB, 45 %, 44, 39.94 W
2026/09/14 17:05:21.311, 6910 MiB, 30 %, 45, 52.70 W
2026/09/14 17:05:22.312, 6910 MiB, 45 %, 45, 48.90 W
2026/09/14 17:05:23.315, 6910 MiB, 31 %, 45, 44.71 W
2026/09/14 17:05:24.316, 6910 MiB, 49 %, 44, 41.11 W
2026/09/14 17:05:25.317, 6910 MiB, 19 %, 44, 37.87 W
2026/09/14 17:05:26.318, 6910 MiB, 46 %, 44, 37.17 W
2026/09/14 17:05:27.320, 6910 MiB, 30 %, 45, 46.77 W
2026/09/14 17:05:28.322, 6910 MiB, 24 %, 45, 50.75 W
2026/09/14 17:05:29.323, 6910 MiB, 19 %, 44, 42.27 W
2026/09/14 17:05:30.325, 6930 MiB, 15 %, 44, 40.73 W
2026/09/14 17:05:31.326, 6934 MiB, 27 %, 45, 43.03 W
2026/09/14 17:05:32.328, 6934 MiB, 49 %, 45, 44.11 W
2026/09/14 17:05:33.330, 6934 MiB, 19 %, 45, 46.02 W
2026/09/14 17:05:34.332, 6934 MiB, 41 %, 45, 44.36 W
2026/09/14 17:05:35.333, 6934 MiB, 33 %, 44, 32.12 W
2026/09/14 17:05:36.334, 6934 MiB, 34 %, 44, 31.55 W
2026/09/14 17:05:37.335, 6934 MiB, 0 %, 43, 22.76 W
